{
    "type":"squat",
    "version":"V20200915",
    "description": "964版本升级，追加wave判断",
    "matchStrategy":0,
    "numActions":2,
    "maxFrameLengthForSkeletonEval": 100,
    "maxSkeletonMissRatio":0.4,
    "ActionInfos":[
        {
            "description":"站直状态",
	        "portCode":2021,
            "desCode":1100,
            "minActiveAgnleNum":1,
            "minActiveFrameGap":30,
            "keyAngles":[
                {
                    
                    "description":"背部与左侧大腿形成的角度",
		            "portCode":0,
                    "desCode":1101,
                    "keyPointsIndex":[1,8,9],
                    "targetAngle":170,
                    "maxTargetAngle":180,
                    "minTargetAngle":160,
                    "weight":100,
                    "group":0
                    
                },
                {
                    "description":"背部与右侧大腿形成的角度",
		            "portCode":0,
                    "desCode":1101,
                    "keyPointsIndex":[1,11,12],
                    "targetAngle":170,
                    "maxTargetAngle":180,
                    "minTargetAngle":160,
                    "weight":100,
                    "group":0
                }
                
            ],
            "templeteBody":{
                "keyPoints":[
                    [
                        0.3000197410583496,
                        0.19328312575817108
                    ],
                    [
                        0.2939455509185791,
                        0.31687405705451965
                    ],
                    [
                        0.1582869589328766,
                        0.3400612771511078
                    ],
                    [
                        0.09994564205408096,
                        0.45555728673934937
                    ],
                    [
                        0.08201789110898972,
                        0.5699134469032288
                    ],
                    [
                        0.4344645142555237,
                        0.35655471682548523
                    ],
                    [
                        0.4662669599056244,
                        0.47080427408218384
                    ],
                    [
                        0.4620373547077179,
                        0.569013774394989
                    ],
                    [
                        0.18200421333312988,
                        0.5666561722755432
                    ],
                    [
                        0.20088234543800354,
                        0.7468523979187012
                    ],
                    [
                        0.21504969894886017,
                        0.8897422552108765
                    ],
                    [
                        0.376630574464798,
                        0.5712267160415649
                    ],
                    [
                        0.3668949604034424,
                        0.745082676410675
                    ],
                    [
                        0.35844120383262634,
                        0.8897730112075806
                    ]
                ]
                
            }
        },
        {
            "description":"下蹲状态",
	        "portCode":2022,           
            "desCode":1200,
            "minActiveAgnleNum":1,
            "minActiveFrameGap":30,
            "keyAngles":[
                {
                    "description":"左侧大腿与小腿形成的角度",
		            "portCode":0,
                    "desCode":1201,
                    "keyPointsIndex":[8,9,10],
                    "targetAngle":90,
                    "maxTargetAngle":100,
                    "minTargetAngle":30,
                    "weight":100,
                    "group":1
                },
                {
                    "description":"右侧大腿与小腿形成的角度",
		            "portCode":0,
                    "desCode":1201,
                    "keyPointsIndex":[11,12,13],
                    "targetAngle":90,
                    "maxTargetAngle":100,
                    "minTargetAngle":30,
                    "weight":100,
                    "group":1
                },
                {
                    "description":"左侧大腿与垂直轴形成的角度",
		            "portCode":0,
                    "desCode":1202,
                    "keyPointsIndex":[8,9,-2],
                    "targetAngle":100,
                    "maxTargetAngle":120,
                    "minTargetAngle":60,
                    "weight":100,
                    "group":2
                },
                {
                    "description":"右侧大腿与垂直轴形成的角度",
		            "portCode":0,
                    "desCode":1202,
                    "keyPointsIndex":[11,12,-2],
                    "targetAngle":100,
                    "maxTargetAngle":120,
                    "minTargetAngle":60,
                    "weight":100,
                    "group":2
                }
            ],
            "templeteBody":{
                "keyPoints":[
                    [
                        0.3000197410583496,
                        0.19328312575817108
                    ],
                    [
                        0.2939455509185791,
                        0.31687405705451965
                    ],
                    [
                        0.1582869589328766,
                        0.3400612771511078
                    ],
                    [
                        0.09994564205408096,
                        0.45555728673934937
                    ],
                    [
                        0.08201789110898972,
                        0.5699134469032288
                    ],
                    [
                        0.4344645142555237,
                        0.35655471682548523
                    ],
                    [
                        0.4662669599056244,
                        0.47080427408218384
                    ],
                    [
                        0.4620373547077179,
                        0.569013774394989
                    ],
                    [
                        0.18200421333312988,
                        0.5666561722755432
                    ],
                    [
                        0.20088234543800354,
                        0.7468523979187012
                    ],
                    [
                        0.21504969894886017,
                        0.8897422552108765
                    ],
                    [
                        0.376630574464798,
                        0.5712267160415649
                    ],
                    [
                        0.3668949604034424,
                        0.745082676410675
                    ],
                    [
                        0.35844120383262634,
                        0.8897730112075806
                    ]
                ]
                
            }
        }
    ],
    "WaveInfos": {
        "faceDirection":-1,
        "keyPointIndex": 1,
        "keyPointAxis": 2,
        "positonNoiseMax": 0.2,
        "sequenceNoiseMax": 5,
        "amplitudeFactorMin": 0.7,
        "amplitudeFactorMax": 4,
        "poseEnableRatioMin": 0.0001
    }
}
