{
    "type":"HighLegLift",
    "version":"V20200612",
    "description": "初版,正面拍摄，初步测试OK，但是容易受到攻击。计数结果为2*cnt",
    "matchStrategy":0,
    "numActions":2,
    "maxFrameLengthForSkeletonEval": 100,
    "maxSkeletonMissRatio":0.4,
    "ActionInfos":[
        {
            "description":"左腿抬起",
            "minActiveAgnleNum":1,
            "minActiveFrameGap":30,
	        "portCode":2021,
            "keyAngles":[
                {
                    "description":"左脚、右脚与右膝之间的角度",
                    "keyPointsIndex":[10,13,12],
                    "targetAngle":45   ,
                    "maxTargetAngle":60,
                    "minTargetAngle":20,
                    "weight":100
                }
            ],
            "templeteBody":{
                "keyPoints":[
                    [
                        0.3000197410583496,
                        0.19328312575817108
                    ],
                    [
                        0.2939455509185791,
                        0.31687405705451965
                    ],
                    [
                        0.1582869589328766,
                        0.3400612771511078
                    ],
                    [
                        0.09994564205408096,
                        0.45555728673934937
                    ],
                    [
                        0.08201789110898972,
                        0.5699134469032288
                    ],
                    [
                        0.4344645142555237,
                        0.35655471682548523
                    ],
                    [
                        0.4662669599056244,
                        0.47080427408218384
                    ],
                    [
                        0.4620373547077179,
                        0.569013774394989
                    ],
                    [
                        0.18200421333312988,
                        0.5666561722755432
                    ],
                    [
                        0.20088234543800354,
                        0.7468523979187012
                    ],
                    [
                        0.21504969894886017,
                        0.8897422552108765
                    ],
                    [
                        0.376630574464798,
                        0.5712267160415649
                    ],
                    [
                        0.3668949604034424,
                        0.745082676410675
                    ],
                    [
                        0.35844120383262634,
                        0.8897730112075806
                    ]
                ]

            }
        },
        {
            "description":"右腿抬起",
            "minActiveAgnleNum":1,
            "minActiveFrameGap":30,
	        "portCode":2022,
            "desCode":1101,
            "keyAngles":[
                {
                    "description":"右脚、左脚与左膝之间的角度",
                    "keyPointsIndex":[13,10,9],
                    "targetAngle":45   ,
                    "maxTargetAngle":60,
                    "minTargetAngle":20,
                    "weight":100
                }
            ],
            "templeteBody":{
                "keyPoints":[
                    [
                        0.3000197410583496,
                        0.19328312575817108
                    ],
                    [
                        0.2939455509185791,
                        0.31687405705451965
                    ],
                    [
                        0.1582869589328766,
                        0.3400612771511078
                    ],
                    [
                        0.09994564205408096,
                        0.45555728673934937
                    ],
                    [
                        0.08201789110898972,
                        0.5699134469032288
                    ],
                    [
                        0.4344645142555237,
                        0.35655471682548523
                    ],
                    [
                        0.4662669599056244,
                        0.47080427408218384
                    ],
                    [
                        0.4620373547077179,
                        0.569013774394989
                    ],
                    [
                        0.18200421333312988,
                        0.5666561722755432
                    ],
                    [
                        0.20088234543800354,
                        0.7468523979187012
                    ],
                    [
                        0.21504969894886017,
                        0.8897422552108765
                    ],
                    [
                        0.376630574464798,
                        0.5712267160415649
                    ],
                    [
                        0.3668949604034424,
                        0.745082676410675
                    ],
                    [
                        0.35844120383262634,
                        0.8897730112075806
                    ]
                ]

            }
        }
    ]
}
