{
    "type": "crunch",
    "version": "V20200618",
    "description": "姿态+波形分析",
    "matchStrategy": 0,
    "numActions": 2,
    "maxFrameLengthForSkeletonEval": 100,
    "maxSkeletonMissRatio": 0.4,
    "ActionInfos": [{
        "description": "躺下状态",
        "minActiveAgnleNum": 0,
        "minActiveFrameGap": 30,
        "portCode": 2021,
        "keyAngles": [{
                "description": "背部与y轴",
                "keyPointsIndex": [1, 8, -2],
                "targetAngle": 170,
                "maxTargetAngle": 180,
                "minTargetAngle": 170,
                "weight": 100,
                "group":1
            },
            {
                "description": "背部与y轴",
                "keyPointsIndex": [1, 11, -2],
                "targetAngle": 170,
                "maxTargetAngle": 180,
                "minTargetAngle": 170,
                "weight": 100,
                "group":1
            }
        ],
        "templeteBody": {
            "keyPoints": [
                [
                    0.3000197410583496,
                    0.19328312575817108
                ],
                [
                    0.2939455509185791,
                    0.31687405705451965
                ],
                [
                    0.1582869589328766,
                    0.3400612771511078
                ],
                [
                    0.09994564205408096,
                    0.45555728673934937
                ],
                [
                    0.08201789110898972,
                    0.5699134469032288
                ],
                [
                    0.4344645142555237,
                    0.35655471682548523
                ],
                [
                    0.4662669599056244,
                    0.47080427408218384
                ],
                [
                    0.4620373547077179,
                    0.569013774394989
                ],
                [
                    0.18200421333312988,
                    0.5666561722755432
                ],
                [
                    0.20088234543800354,
                    0.7468523979187012
                ],
                [
                    0.21504969894886017,
                    0.8897422552108765
                ],
                [
                    0.376630574464798,
                    0.5712267160415649
                ],
                [
                    0.3668949604034424,
                    0.745082676410675
                ],
                [
                    0.35844120383262634,
                    0.8897730112075806
                ]
            ]

        }
    }],
    "WaveInfos": {
        "faceDirection":1,
        "keyPointIndex": 1,
        "keyPointAxis": 1,
        "positonNoiseMax": 0.2,
        "sequenceNoiseMax": 5,
        "amplitudeFactorMin": 0.3,
        "amplitudeFactorMax": 10,
        "poseEnableRatioMin": 0.01
    },
    "KalmanInfos":{
        "std_weight_position":0.0833,
        "std_weight_velocity":0.1667
    }
}